,gvkey,deal year,Target name,final_assgn
0,2598,1999,Cade Industries Inc,
1,2846,1999,Centocor Inc,[11106252]
2,3172,1999,Collagen Aesthetics Inc,
3,3736,1999,Daniel Industries Inc,
4,3760,1999,Data General Corp,
5,5063,1999,General Instrument Corp,
6,5693,1999,Honeywell Inc,
7,5846,1999,Andataco Inc,
8,6638,1999,Carleton Corp,
9,6876,1999,M/A/R/C Group,
10,7049,1999,Market Facts Inc,
11,7640,1999,Mylex Corp,
12,8163,1999,Optical Coating Laboratory Inc,
13,8960,1999,Raychem Corp,
14,9120,1999,RIBI ImmunoChem Research Inc,
15,10010,1999,Stanford Telecommunications Inc,[11244642 11915046]
16,10163,1999,Sundstrand Corp,
17,11040,1999,Pharmacia & Upjohn Inc,
18,11058,1999,V Band Corp,
19,11288,1999,Warner-Lambert Co,[11814518]
20,11803,1999,DSP Technology Inc,
21,12537,1999,Market Guide Inc,
22,13096,1999,Nichols Research Corp,
23,13308,1999,Agouron Pharmaceuticals Inc,
24,13315,1999,Sequent Computer Systems Inc,
25,14160,1999,EMCON,
26,16419,1999,Brite Voice Systems Inc,
27,17764,1999,US Bioscience Inc,
28,20192,1999,Roberts Pharmaceutical Corp,
29,20903,1999,PulsePoint Communications,
30,20907,1999,North American Vaccine Inc,
31,20969,1999,Texas Micro Inc,
32,20982,1999,Integrated Systems Inc,
33,22170,1999,Mosaix Inc,
34,23076,1999,Digital Origin Inc,
35,23897,1999,PLATINUM Technology Inc,
36,24093,1999,OpenROUTE Networks Inc,
37,24140,1999,Telident Inc,
38,24338,1999,ThermoTrex Corp,
39,24345,1999,Powerhouse Technologies Inc,[11651356]
40,24680,1999,Physician Computer Network Inc,
41,24997,1999,Dames & Moore Group,
42,25271,1999,Ardent Software Inc,
43,27940,1999,Wall Data Inc,
44,28125,1999,NFO Worldwide Inc,
45,29092,1999,Holophane,
46,29350,1999,CMC Industries Inc,
47,29414,1999,Stimsonite Corp,[11178538]
48,29650,1999,NeXstar Pharmaceuticals Inc,[11511947]
49,29879,1999,Metrowerks Corp,
50,30034,1999,Dialogic Corp,
51,30203,1999,Ascend Communications Inc,[12091297]
52,30368,1999,Sparta Pharmaceuticals Inc,
53,30742,1999,SUGEN Inc,
54,30750,1999,Firstcom Corp,
55,31319,1999,SunPharm Corp,
56,31465,1999,Neopath Inc,[11738459]
57,31586,1999,DSP Communications Inc,
58,31666,1999,Periphonics Corp,
59,31722,1999,Diamond Multimedia Systems Inc,[11803760 12046347]
60,60822,1999,Teltrend Inc,
61,60958,1999,Metra Biosystems Inc,
62,61087,1999,Percon Inc,
63,61132,1999,ThermoSpectra Corp(Thermo Instrument Systems Inc/Thermo Electron Corp),
64,61180,1999,Vantive Corp,
65,61365,1999,Computer Management Sciences Inc,
66,61500,1999,Perclose Inc,[11517699]
67,61532,1999,Visio Corp,
68,61603,1999,Yieldup International Corp,
69,61606,1999,Clarify Inc,
70,61724,1999,TechForce Corp,
71,61731,1999,Fuisz Technologies Ltd,
72,62192,1999,ULTRADATA Corp,
73,62294,1999,iMall Inc,
74,62300,1999,OrCAD Inc,
75,62321,1999,Data Processing Resources Corp,
76,62366,1999,Forte Software Inc,
77,62372,1999,XYLAN Corp,[10942877 12170243]
78,62390,1999,Isocor,
79,62456,1999,Intelliquest Information Group Inc,
80,62593,1999,Excite Inc,[12015249]
81,62633,1999,Worldtalk Communications Corp,
82,62753,1999,Edify Corp,
83,62833,1999,General Surgical Innovations,
84,62838,1999,SIBIA Neurosciences Inc,
85,62880,1999,GeoScience Corp(Tech-Sym Corp),
86,63003,1999,Innovasive Devices Inc,
87,63021,1999,Infoseek Corp,
88,63073,1999,Pacific Research & Engineering Corporation,
89,63462,1999,SRS Labs Inc,[12818039]
90,63462,1999,SRS Labs Inc,[12818039]
91,63481,1999,Connectinc.com,
92,63489,1999,Interlink Computer Sciences Inc,
93,63589,1999,International Network Services,
94,63652,1999,Xionics Document Technologies Inc,
95,63754,1999,Gulfstream Aerospace Corp,
96,63878,1999,Uroquest Medical Corp,
97,64002,1999,SeaMED Corp,
98,64007,1999,GeoTel Communications Corp,
99,64128,1999,Vivid Technologies Inc,[11938758]
100,64281,1999,EarthLink Network Inc,
101,64320,1999,Medical Manager Corp,
102,64914,1999,Genesys Telecommunications Laboratories Inc,[11902163]
103,64936,1999,Laser Power Corp,
104,64996,1999,Advanced Communication Systems Inc,
105,65267,1999,fine.com International Corp,
106,65295,1999,LeukoSite Inc,
107,65766,1999,Excel Switching Corp,
108,65988,1999,USWeb/CKS,
109,66021,1999,Thermo Vision Corp(Thermo Instrument/Thermo Electron),
110,66056,1999,Information Advantage Software Inc,
111,66590,1999,ViaGrafix Corp,
112,110104,1999,Tristar Aerospace Co,
113,110480,1999,CombiChem Inc,
114,110773,1999,RiboGene Inc,
115,111591,1999,NetGravity Inc,
116,111968,1999,International Integration Inc,
117,112625,1999,Broadcast.Com Inc,
118,113364,1999,GeoCities,
119,119016,1999,FlashNet Communications Inc,
120,120215,1999,MapQuest.com Inc,[12382489]
121,121615,1999,Software.com Inc,
122,121615,1999,Software.com Inc,
123,121760,1999,nFront Inc,
124,134144,1999,eFunds Corp,[12435799]
125,134144,1999,eFunds Corp,[12435799]
126,2267,2000,Block Drug Co,[10226700]
127,2891,2000,Cerprobe Corporation,
128,3291,2000,Comptek Research Inc,
129,4374,2000,Engineering Measurements Co,[10799012]
130,4806,2000,GRC International Inc,[10501636 11909282]
131,5721,2000,Wyant Corp,
132,6035,2000,Interface Systems Inc,
133,6096,2000,Mallinckrodt Inc,[12310961]
134,7503,2000,Molecular Biosystems Inc,
135,7718,2000,National Computer Systems Inc,
136,8658,2000,Policy Management Systems Corp,
137,9545,2000,Seagate Technology Inc,
138,9804,2000,4Front Technologies Inc,
139,10071,2000,Sterling Software Inc,
140,10092,2000,Stone & Webster Inc,
141,10422,2000,Telxon Corp,
142,10537,2000,Thermedics Inc(Thermo Electron Corp),
143,12337,2000,Interleaf Inc,
144,12397,2000,Liposome Co Inc,
145,13197,2000,Thermo Instrument Systems Inc,
146,14290,2000,Chesapeake Biological Laboratories Inc,
147,15248,2000,Primark Corp,
148,24543,2000,Centigram Communications Corp,
149,24845,2000,InnerDyne Inc,
150,24908,2000,Dura Pharmaceuticals Inc,
151,25004,2000,Advanced Machine Vision Corp,
152,25441,2000,MicroTouch Systems Inc,[11465461]
153,25864,2000,Citation Computer Systems Inc,
154,28147,2000,Equinox Systems Inc,
155,28756,2000,Concentrex Inc,
156,28848,2000,PairGain Technologies Inc,[11964592]
157,29396,2000,Active Voice Corp,[11427493]
158,29643,2000,Anesta Corp,
159,30131,2000,Ancor Communication Inc,
160,30639,2000,Loronix Information Systems Inc,
161,30844,2000,Ortel Corp,
162,31679,2000,Mustang.com Inc,
163,31757,2000,ACT Networks Inc,
164,60933,2000,Spyglass Inc,
165,60955,2000,Inference Corp,
166,61370,2000,Microwave Power Devices Inc,
167,61508,2000,GelTex Pharmaceuticals Inc,
168,61601,2000,PathoGenesis Corp,
169,61642,2000,Objective Systems Integrators Inc,
170,62284,2000,Engineering Animation Inc,
171,62338,2000,Sterling Commerce Inc,[11858126 11919274]
172,62433,2000,ThermoQuest Corp(Thermo Instrument Systems/Thermo Electron),
173,62535,2000,Trega Biosciences Inc,
174,62550,2000,Lycos Inc,
175,62690,2000,AXENT Technologies Inc,
176,62932,2000,Aspect Development Inc,
177,63013,2000,Thermo Optek Corp(Thermo Instrument Systems Inc/Thermo Electron Co),
178,63140,2000,Integ Inc,[11846217]
179,63201,2000,Printrak International Inc,
180,63509,2000,DBT Online Inc,
181,63594,2000,Thermo BioAnalysis Corp(Thermo Instrument Systems Inc/Thermo Electron Corp),
182,63744,2000,Splash Technology Holdings Inc,
183,63827,2000,Image Guided Technologies Inc (STRYKER CORP),
184,64299,2000,Coulter Pharmaceuticals Inc,
185,64415,2000,Thermedics Detection Inc(Thermedics Inc/Thermo Electron Corp),
186,64886,2000,eFax.com.Inc,
187,64950,2000,Great Plains Software Inc,
188,64961,2000,Metrika Systems Corp(Thermo Instrument Systems Inc/Thermo Electron Corp),[10674387]
189,64984,2000,3Dfx Interactive Inc,
190,65175,2000,Corsair Communications Inc,
191,65488,2000,Network Solutions Inc,
192,65604,2000,SPR Inc,
193,65716,2000,Faroudja Inc,
194,65749,2000,Howmet International Inc (Cordant Technologies Inc),
195,65880,2000,InterVU Inc,
196,66101,2000,Agritope Inc,
197,66658,2000,LJL Biosystems Inc,
198,107670,2000,ONIX Systems Inc(Thermo Instrument Systems),
199,109185,2000,Schein Pharmaceutical Inc,
200,119214,2000,About.com Inc,[12181788]
201,119256,2000,OneMain.com Inc,
202,121453,2000,AppNet Inc,
203,121561,2000,Ramp Networks Inc,
204,121761,2000,ShowCase Corp,
205,122894,2000,Active Software Inc,
206,124177,2000,Bluestone Software Inc,
207,124679,2000,Jupiter Communications Inc,
208,126616,2000,Exactis.com Inc,
209,127414,2000,Ondisplay Inc,
210,133469,2000,Telocity Delaware Inc,[12353250]
211,1359,2001,ALZA Corp,[11720689]
212,3282,2001,Compaq Computer Corp,
213,3796,2001,Datron Systems Inc,
214,5122,2001,GenRad Inc,
215,8014,2001,Novametrix Medical Systems Inc,
216,9051,2001,Minntech Corp,
217,9313,2001,SCI Systems Inc,
218,10458,2001,Dynamic Healthcare Technologies Inc,
219,12580,2001,Duramed Pharmaceuticals Inc,[12446268]
220,12730,2001,Data Dimensions Inc,
221,13228,2001,Total Research Corp,
222,13608,2001,PictureTel Corp,
223,13902,2001,Structural Dynamics Research Corp,
224,14554,2001,Sensory Science Corp,
225,22546,2001,PolyVision Corp,
226,22657,2001,Network Six Inc,
227,22823,2001,IKOS Systems Inc,
228,23819,2001,Laser Vision Centers Inc,[11498986]
229,24220,2001,COR Therapeutics Inc,
230,25115,2001,Xircom Inc,
231,25523,2001,Aronex Pharmaceuticals Inc,[12388042]
232,28130,2001,Cambridge Technology Partners (Massachusetts) Inc,
233,28585,2001,Fourth Shift Corp,
234,29822,2001,CIDCO Inc,
235,30031,2001,Centennial Technologies Inc,
236,30239,2001,MedPlus Inc,
237,30781,2001,PRI Automation Inc,[12153478 12927546]
238,30835,2001,Learn2.com Inc,[12095091]
239,31129,2001,Avert Inc,
240,31194,2001,BTG Inc,
241,60797,2001,Avant! Corp,[11893643]
242,61048,2001,Integrated Measurement Systems Inc,
243,61359,2001,Blue Wave Systems Inc,
244,61541,2001,Healthcare.com Corp,
245,61684,2001,Labtec Inc,
246,62581,2001,Microware Systems Corp,
247,62705,2001,Heartport Inc,
248,62738,2001,Sawtek Inc,
249,62814,2001,NOVA Corp,
250,62925,2001,Open Market Inc,
251,63038,2001,Cardiac Pathways Corp,
252,63771,2001,CUseeMe Networks Inc,
253,63779,2001,Mediconsult.com Inc,
254,63934,2001,Aviron,
255,63955,2001,Alysis Technologies Inc,
256,63956,2001,IMRglobal Corp,
257,64145,2001,MessageMedia Inc,
258,64173,2001,Credit Management Solutions Inc,
259,64321,2001,Metro Information Services Inc,
260,64682,2001,Exigent International Inc,
261,64863,2001,eShare Communications Inc,
262,64924,2001,Aris Corp,
263,64927,2001,New Era of Networks Inc,
264,64931,2001,Aurora Biosciences Corp,[12104808]
265,66027,2001,Focal Inc,
266,66416,2001,Vysis Inc(BP PLC),
267,111732,2001,Unigraphics Solutions Inc (Electronic Data Systems Corp),
268,117701,2001,Allaire Corp,
269,118167,2001,Prodigy Communications Corp,
270,118446,2001,WebTrends Corp,
271,119956,2001,Launch Media Inc,
272,120818,2001,Juno Online Services Inc,
273,121377,2001,Liquent Inc,
274,121755,2001,Digital Island Inc,
275,122075,2001,Be Inc,
276,122680,2001,Women.com Networks,
277,122838,2001,NetSilicon Inc,
278,124326,2001,Telemate Net Software Inc,
279,125277,2001,Data Return Corp,
280,127534,2001,C-bridge Internet Solutions,
281,132406,2001,net.Genesis Corp,
282,133325,2001,Eprise Corp,
283,134451,2001,Packard BioScience Co,
284,134984,2001,CrossWorlds Software Inc,
285,135024,2001,Sequoia Software Corp,
286,138470,2001,Rosetta Inpharmatics Inc,
287,139749,2001,Zengine Inc (Miami Computer Supply Corp),
288,140062,2001,Elastic Networks Inc,
289,140065,2001,Genomica Corp,
290,1324,2002,Scherer Healthcare Inc,
291,3798,2002,Datum Inc,
292,5174,2002,Gish Biomedical Inc,
293,7329,2002,Micro General Corp(Fidelity National Financial Inc),
294,7536,2002,Pharmacia Corp,
295,11908,2002,IFR Systems,
296,16437,2002,BEI Medical Systems Co Inc,
297,21204,2002,Syntellect Inc,[11268519]
298,21507,2002,ACTV Inc,
299,22345,2002,Westwood Corp,
300,23486,2002,Visionics Corp,
301,23777,2002,Frontstep Inc,
302,24877,2002,Matrix Pharmaceutical Inc,
303,25390,2002,SpaceLabs Medical Inc,
304,28265,2002,Avidyn Inc,
305,28780,2002,ATPOS.COM INC,
306,29436,2002,Proxim Inc,
307,31459,2002,Ostex International Inc,
308,31534,2002,Intelligent Controls Inc,
309,60868,2002,ClickAction Inc,
310,60901,2002,HNC Software Inc,
311,61723,2002,Synaptic Pharmaceutical Corp,[11886157]
312,62859,2002,Mechanical Dynamics Inc,
313,62975,2002,Paravant Inc,
314,63004,2002,Fusion Medical Technologies Inc,[12799262]
315,63324,2002,Excelon Corp,
316,63822,2002,Innoveda Inc,
317,63836,2002,ONTRACK Data International Inc,
318,63941,2002,Triangle Pharmaceuticals Inc,
319,65315,2002,INSpire Insurance Solutions Inc,
320,111488,2002,Inktomi Corp,
321,112001,2002,Collateral Therapeutics Inc,
322,117359,2002,Momentum Business Applications Inc,
323,121481,2002,Viant Corp,
324,121693,2002,US Search.com Inc,
325,121835,2002,Clarent Corp,
326,122171,2002,Hoovers Inc,
327,123019,2002,SilverStream Software Inc,
328,123080,2002,Wink Communications Inc (Liberty Broadband Interactive Television),
329,126717,2002,Official Payments Corp,
330,126773,2002,McAfee.com Corp(Networks Associates Inc),
331,127541,2002,Truetime Inc,
332,128560,2002,Extensity Inc,
333,129635,2002,Vicinity Corp,
334,132641,2002,OraPharma Inc,
335,132702,2002,OTG Software Inc,
336,133729,2002,Oratec Interventions Inc,
337,134744,2002,SignalSoft Corp,
338,134764,2002,Talarian Corp,
339,134869,2002,Genomic Solutions Inc,
340,135914,2002,ONI Systems Corp,
341,137357,2002,Genuity Inc,
342,138487,2002,H Power Corp,
343,138701,2002,AvantGo Inc,
344,138706,2002,PeoplePC Inc,
345,140067,2002,InforMax Inc,
346,140798,2002,MediChem Life Sciences Inc (Oshkosh Truck Corp),
347,141390,2002,Ribapharm Inc,[12523695]
348,143444,2002,Simplex Solutions Inc,
349,1281,2003,Allen Telecom Inc,[10187877 10232091 12137912]
350,2226,2003,Biogen Inc,
351,2616,2003,Scios Inc,
352,3164,2003,Cole National Corp,
353,3769,2003,INRANGE Technologies Corp,
354,12913,2003,Tangram Enterprise Solutions Inc,
355,22250,2003,SICOR Inc,
356,23955,2003,Ross Systems Inc,
357,24881,2003,Corvas International Inc,
358,25164,2003,Simula Inc,[10609621]
359,25375,2003,Elite Information Group Inc,
360,25944,2003,PeopleSoft Inc,
361,28337,2003,Signal Technology Corp,
362,28806,2003,Arrowhead Research Corp,[10470103]
363,29069,2003,Acres Gaming Inc,[11841183]
364,29339,2003,Fidelity National Information Solutions Inc,
365,29390,2003,SangStat Medical Corp,
366,30061,2003,Interlott Technologies Inc,
367,30546,2003,CIMA Labs Inc,
368,60969,2003,Legato Systems Inc,
369,61102,2003,On Technology Corp,
370,62005,2003,Documentum Inc,
371,62162,2003,SCB Computer Technology Inc,
372,62526,2003,Diacrin Inc,
373,64029,2003,Rogue Wave Software Inc,
374,64680,2003,Bionx Implants Inc,
375,65031,2003,Mercator Software Inc,
376,65169,2003,BioReliance Corp,
377,65264,2003,Computer Motion Inc,
378,65440,2003,ProBusiness Services Inc,
379,65466,2003,JD Edwards & Co,
380,110160,2003,Brio Software Inc,
381,110560,2003,Factual Data Corp,
382,115750,2003,Cell Pathways Inc,
383,119081,2003,Multex.com Inc,
384,120296,2003,Latitude Communications Inc,
385,120719,2003,Interliant Inc,
386,121436,2003,Overture Services Inc,
387,122437,2003,N2H2 Inc,
388,125357,2003,MCK Communications Inc,
389,126298,2003,Next Level Communications Inc,
390,126495,2003,iManage Inc,
391,128620,2003,T/R Systems Inc,
392,129470,2003,FASTNET Corp,
393,129628,2003,Lightspan Inc,
394,130400,2003,Eloquent Inc,
395,134964,2003,Pinnacor Inc,
396,137067,2003,Handspring Inc,[12542637]
397,137374,2003,CareScience Inc,
398,137394,2003,Virage Inc,
399,138121,2003,Applied Molecular Evolution Inc,
400,138131,2003,ValiCert Inc,
401,138345,2003,SpeechWorks International Inc,[12095928]
402,138490,2003,3-Dimensional Pharmaceuticals Inc,
403,138703,2003,Esperion Therapeutics Inc,
404,139244,2003,SYNAVANT Inc,
405,144645,2003,Bruker AXS Inc,[13135377]
406,147306,2003,Printcafe Software Inc,
407,1244,2004,Alcide Corp,[11352343]
408,1500,2004,American Management Systems Inc,
409,3277,2004,Group 1 Software Inc,
410,3776,2004,Media 100 Inc,
411,6159,2004,SI Technologies Inc,
412,7932,2004,Norstan Inc,
413,11722,2004,Isco Inc,
414,14897,2004,VISX Inc,
415,15133,2004,Apogent Technologies Inc,
416,15203,2004,Netegrity Inc,
417,15315,2004,ALARIS Medical Systems Inc,[11872635]
418,21685,2004,Atrix Laboratories Inc,
419,24486,2004,Barra Inc,[13124388]
420,26360,2004,Novadigm Inc,
421,28937,2004,Epoch Biosciences Inc,
422,29356,2004,Veritas Software Corp,
423,29374,2004,Zamba Corp,
424,30862,2004,Owosso Corp,[10190531 11387610]
425,31166,2004,Guidant Corp,[11558621 11988247 12093482 12142562]
426,61641,2004,META Group Inc,
427,62295,2004,Image Systems Corp,
428,63381,2004,Optika Inc,
429,63674,2004,Bionova Holding Corp,
430,63678,2004,Advanced Fibre Communications Inc,
431,63984,2004,Sanchez Computer Associates Inc,
432,64412,2004,ILEX Oncology Inc,
433,64497,2004,Endocardial Solutions Inc,
434,65217,2004,Ocular Sciences Inc,
435,109423,2004,Horizon Medical Products Inc,
436,111102,2004,InterCept Inc,
437,111492,2004,Panacos Pharmaceuticals Inc,[12868007]
438,117358,2004,MarketWatch Inc,
439,120156,2004,Marimba Inc,[12481631]
440,120634,2004,OneSource Information Services Inc,
441,120839,2004,Inet Technologies Inc,
442,121720,2004,Persistence Software Inc,
443,121842,2004,Primus Knowledge Solutions Inc,
444,122734,2004,Braun Consulting Inc,
445,124359,2004,NetSolve Inc,
446,127384,2004,Tularik Inc,[11739858 12840682]
447,127480,2004,Infonet Services Corp,[13158843]
448,128698,2004,interWAVE Communications International Ltd,
449,133047,2004,TippingPoint Technologies Inc,
450,133164,2004,ACLARA Biosciences Inc,[12143036]
451,140900,2004,TheraSense Inc,[12651494]
452,141098,2004,Computer Access Technology Corp,
453,145161,2004,Nassda Corp,
454,145513,2004,NetScreen Technologies Inc,
455,147990,2004,Inveresk Research Group Inc,
456,2246,2005,Bio-Logic Systems Corp,[10962359]
457,3011,2005,Chiron Corp,[10759699 10784623 11341078 11547859 11608269 11850146 12159794]
458,4132,2005,Acterna Corp,
459,4675,2005,Inamed Corp,[10449026 11165772]
460,7123,2005,Maxtor Corp,
461,7139,2005,Maytag Corp,[10086316 10171738 10415495 10516033 11286382]
462,7208,2005,Compex Technologies Inc,
463,8872,2005,Advanced Neuromodulation Systems Inc,
464,9483,2005,Scientific Atlanta Inc,
465,10097,2005,Storage Technology Corp,[10191621 11445447]
466,10321,2005,BioSource International Inc,
467,10541,2005,Thomas Industries Inc,
468,10588,2005,Titan Corp,[10099918 10680805 10730314 10905121 10949761 11411566]
469,12587,2005,Ascential Software Corp,
470,14250,2005,nStor Technologies Inc,
471,14446,2005,IVAX Corp,[10755231 11676351 11847462 12031874 12755381]
472,28325,2005,Tarantella Inc,
473,28822,2005,Captiva Software Corp,
474,29381,2005,Macromedia Inc,
475,30352,2005,Guilford Pharmaceuticals Inc,
476,30760,2005,CyberGuard Corp,
477,30946,2005,Pinnacle Systems Inc,[12051625]
478,31761,2005,InKine Pharmaceutical Co Inc,
479,60796,2005,Med-Design Corp,
480,61401,2005,Verity Inc,
481,62079,2005,Intermix Media Inc,
482,62728,2005,Physiometrix Inc,
483,62821,2005,Bone Care International Inc,[11714513]
484,63180,2005,Siebel Systems Inc,[12929655]
485,63328,2005,Webhire Inc,
486,63617,2005,Closure Medical Corp,
487,63804,2005,Transkaryotic Therapies Inc,
488,64099,2005,Intellisync Corp,
489,65578,2005,Corixa Corp,[10763306 11360422 12438835]
490,65622,2005,Concord Communications Inc,
491,66468,2005,Micromuse Inc,
492,66582,2005,Extended Systems Inc,
493,110100,2005,First Virtual Communications Inc,
494,112178,2005,Abgenix Inc,[12175181]
495,112752,2005,Bindview Development Corp,[12395607]
496,120455,2005,Copper Mountain Networks Inc,
497,121938,2005,Keith Cos Inc,
498,123995,2005,Epiphany Inc,[12261103]
499,127438,2005,GoRemote Internet Communications Inc,
500,129419,2005,Centra Software Inc,
501,132369,2005,Niku Corp,[12765657]
502,134031,2005,Nuance Communications Inc,
503,134452,2005,SeeBeyond Technology Corp,
504,135247,2005,Icoria Inc,[12906060]
505,137864,2005,Corio Inc,
506,138343,2005,Genaissance Pharmaceuticals Inc,[12072614]
507,138404,2005,Vicuron Pharmaceuticals Inc,
508,141097,2005,AeroGen Inc,[11858637 12216893]
509,141381,2005,Verisity Ltd,
510,143869,2005,HPL Technologies Inc,
511,146617,2005,Anteon International Corp,
512,147302,2005,Plumtree Software Inc,[12904662]
513,147885,2005,Eon Labs Inc,
514,156292,2005,Eyetech Pharmaceuticals Inc,
515,156619,2005,AlphaSmart Inc,
516,160810,2005,JAMDAT Mobile Inc,
517,260892,2005,Animas Corp,
518,4456,2006,Essex Corp,[11179555]
519,5476,2006,John H Harland Co,[10809396]
520,6039,2006,Intermagnetics General Corp,[11048248 12039964]
521,10232,2006,Symbol Technologies Inc,[10454101 10693186 11844939]
522,11720,2006,Identix Inc,[12211517]
523,13204,2006,Fisher Scientific International Inc,
524,13474,2006,CNS Inc,
525,13525,2006,FileNet Corp,
526,14810,2006,VitalStream Holdings Inc,
527,22957,2006,Sentigen Holding Corp,
528,23355,2006,Professional Dental Technology Inc,
529,24110,2006,ICOS Corp,[10105582 12900620]
530,24531,2006,Per-Se Technologies Inc,
531,25150,2006,Stellent Inc,
532,28461,2006,Trestle Holdings Inc,
533,28744,2006,Manugistics Group Inc,[12515196]
534,29075,2006,Opinion Research Corp,
535,29095,2006,Mercury Interactive Corp,
536,30094,2006,MRO Software Inc,
537,31168,2006,RSA Security Inc,[12340184]
538,60875,2006,Serologicals Corp,
539,61402,2006,Vodavi Technology Inc,[10688865]
540,61427,2006,ADE Corp,
541,62511,2006,Segue Software Inc,[11700789]
542,62599,2006,Lucent Technologies Inc,"[10621647 10760928 10911381 10931618 11421745 11530569 11659857 11751051
 11857771 12023849 12152685 12158431 12161334 12234618]"
543,62632,2006,Sirna Therapeutics Inc,
544,63051,2006,Andrx Corp,[11828402 12206862 12890459]
545,63053,2006,Netopia Inc,
546,63644,2006,Advanced Digital Information Corp,[11881367]
547,64542,2006,Kos Pharmaceuticals Inc,[11748355]
548,65368,2006,Tripath Imaging Inc,[12234354]
549,106900,2006,Internet Security Systems Inc,
550,110721,2006,Carreker Corp,[11996298]
551,117905,2006,Tut Systems Inc,[11447225]
552,120300,2006,Portal Software Inc,[12147267]
553,120595,2006,Redback Networks Inc,[12718793]
554,124435,2006,Digital Insight Corp,
555,126597,2006,MetaSolv  Inc,[12743837]
556,132405,2006,MatrixOne Inc,
557,132980,2006,Loudeye Corp,
558,133731,2006,Tanox Inc,[11345015 12745494]
559,135865,2006,Broadwing Corp,[13034077]
560,137252,2006,Click Commerce Inc,
561,138129,2006,Rita Medical Systems Inc,[11841225 12093382]
562,140061,2006,At Road Inc,[12694576]
563,142096,2006,Xenogen Corp,
564,146735,2006,InterVideo Inc,
565,156133,2006,Myogen Inc,
566,161012,2006,PortalPlayer Inc,[12631969]
567,161926,2006,Conor Medsystems Inc,[12341762]
568,163121,2006,Valera Pharmaceuticals Inc,[-18223]
569,1651,2007,Andrew Corp,[11007980 11078934]
570,2537,2007,C-COR Inc,[10798906]
571,6571,2007,Lamson & Sessions Co,[10047075 10242923 10964080 11270014]
572,10391,2007,Tektronix Inc,[10728469 10874498 10919061 10941437 10990163 12128914 12583958 12684177]
573,13369,2007,Komag Inc,[10695481 11934111 12409765 12508677]
574,14385,2007,Respironics Inc,"[10051527 10535173 10687793 11251082 11592113 11716923 12027274 12290441
 12823115]"
575,14487,2007,Tutogen Medical Inc,[12303544]
576,18484,2007,Web.com Inc,
577,23387,2007,ZEVEX International Inc,
578,24008,2007,MedImmune Inc,[11057481 11678473 12227351 12516945]
579,24449,2007,Enpath Medical Inc,[13101396]
580,25000,2007,PolyMedica Corp,[11753699]
581,25080,2007,BISYS Group Inc,
582,25355,2007,Arrow International Inc,[11990432]
583,25433,2007,Cholestech Corp,[11256954]
584,25514,2007,Matritech Inc,[11786562]
585,28078,2007,Neoware Inc,
586,29661,2007,MapInfo Corp,[12201496]
587,30688,2007,Business Objects SA,[12347008]
588,30843,2007,Microtek Medical Holdings Inc,[12723643]
589,31144,2007,Applix Inc,
590,61355,2007,CheckFree Corp,[11483113 12427577]
591,61498,2007,Hyperion Solutions Corp,[12743661]
592,61706,2007,Molecular Devices Corp,[11280828 11763545 12281935]
593,61752,2007,Castelle Inc,
594,61877,2007,Neon Communications Group Inc,[12489699]
595,62336,2007,Cytyc Corp,[11366495 12689998]
596,62709,2007,SpectraLink Corp,[11696638]
597,62913,2007,Digene Corp,[12377579]
598,63606,2007,Document Sciences Corp,
599,63663,2007,Authorize.Net Holdings Inc,[12007800]
600,64375,2007,Biosite Inc,[11570997 12780209]
601,64606,2007,BEA Systems Inc,[12026637]
602,64639,2007,Covansys Corp,
603,113425,2007,Terayon Communication Systems Inc,[11905583]
604,113498,2007,24/7 Real Media Inc,[12037162 12126368]
605,115245,2007,Therma-Wave Inc,[10679463 12404326]
606,118733,2007,Bioenvision Inc,
607,121437,2007,EasyLink Services Corp,
608,123094,2007,Agile Software Corp,[12690674]
609,129850,2007,Witness Systems Inc,[12470574]
610,133985,2007,Corillian Corp,
611,141957,2007,Opsware Inc,[12758426 12916897]
612,145854,2007,VIASYS Healthcare Inc,[12563322 12822211]
613,147200,2007,ViaCell Inc,[12529012]
614,147452,2007,Altiris Inc,[12244992]
615,155795,2007,Pharmion Corp,[12987855]
616,160203,2007,Color Kinetics Inc,[12724597]
617,160231,2007,Nextest Systems Corp,[12854868]
618,160260,2007,NAVTEQ Corp,[12878903]
619,160374,2007,New River Pharmaceuticals Inc,
620,160597,2007,IntraLase Corp,[12354595]
621,160607,2007,Stratagene Corp,[11212459 11478359]
622,161037,2007,Adeza Biomedical Corp,[11750394]
623,161073,2007,FoxHollow Technologies Inc,
624,163672,2007,HemoSense Inc,[12146051]
625,163888,2007,Coley Pharmaceutical Group Inc,[12827230]
626,166365,2007,Visicu Inc,[12904656]
627,177838,2007,Xcorporeal Inc,
628,5074,2008,Electronic Data Systems Corp,[10206095 10546742 11998429 12673895]
629,6152,2008,InterVoice Inc,[11059854 11555903 11854631 12313956]
630,6169,2008,Iomega Corp,[12069915]
631,7250,2008,Mentor Corp,[11060425]
632,8925,2008,Radyne Corp,[10584904 10791318]
633,13365,2008,Barr Pharmaceuticals Inc,[12887659]
634,14285,2008,Bentley Pharmaceuticals Inc,
635,19557,2008,HealthAxis Inc,
636,22718,2008,SYS Technologies Inc,
637,22765,2008,TouchStone Software Corp,
638,24179,2008,Genelabs Technologies Inc,[11406619]
639,24699,2008,ImClone Systems Inc,[11459034]
640,24982,2008,LifeCell Corp,[11464756]
641,27771,2008,Insightful Corp,[12632448]
642,29085,2008,Credence Systems Corp,[11935506 11945234 12722107]
643,29992,2008,Encysive Pharmaceuticals Inc,[12713804]
644,31143,2008,Captaris Inc,[12863458]
645,61462,2008,Specialized Health Products International Inc,[12051525]
646,61560,2008,Photon Dynamics Inc,[11270127]
647,61570,2008,Secure Computing Corp,[11376735 12791143]
648,62571,2008,Ansoft Corp,
649,62911,2008,Avigen Inc,[11722856]
650,63100,2008,EP MedSystems Inc,[12818205]
651,64009,2008,Prescient Applied Intelligence Inc,
652,110562,2008,Digital Fusion Inc,
653,122360,2008,Packeteer Inc,[12146980]
654,124319,2008,Foundry Networks Inc,[12835218]
655,127075,2008,Digimarc Corp,[12680808]
656,127462,2008,Optio Software Inc,
657,133430,2008,Moldflow Corp,[11678256]
658,140445,2008,Kosan Biosciences Inc,[12133883]
659,140679,2008,Synplicity Inc,[12834472]
660,142106,2008,Third Wave Technologies Inc,[11791142]
661,155794,2008,NitroMed Inc,[12562044]
662,156615,2008,Kintera Inc,[12947799]
663,157757,2008,Motive Inc,[12971345]
664,160237,2008,Pharmacopeia Inc,[12158625 12742417 13184154]
665,160933,2008,Eagle Test Systems Inc,[12859842]
666,163721,2008,CryoCor Inc,[12855822]
667,163922,2008,Avalon Pharmaceuticals Inc,
668,165650,2008,SGX Pharmaceuticals Inc,
669,166450,2008,Omrix Biopharmaceuticals Inc,[12334994 12568733]
670,177285,2008,Sirtris Pharmaceuticals Inc,
671,177870,2008,BladeLogic Inc,
672,182309,2008,ARCA biopharma Inc,
673,1478,2009,Wyeth,"[10041806 10144127 10374419 10443309 10720009 11021796 11751984 12163777
 12600814 12603917 12708048 12884204]"
674,2299,2009,CardioDynamics International Corp,[12661986]
675,2950,2009,Chattem Inc,[10149748 12867559]
676,7268,2009,Merrimac Industries Inc,[10337434]
677,9459,2009,Schering Plough Corp,"[10046491 10055571 10209070 10269141 10583854 10685650 11048885 11499404
 11514477 12283753 12579654 12592419]"
678,10553,2009,3Com Corp,"[11261192 11399313 11486470 11516776 11659883 11749001 11905403 11931678
 13083323]"
679,12136,2009,Sun Microsystems Inc,[11103497 11134904 11557797 12932380 12936890]
680,12390,2009,Candela Corp,[10217270 10466570 11471600 11840076 12298533 12895117]
681,12679,2009,Silicon Graphics Inc,[10542488 10861733 11201117 11395260 11821819 11902341 13098196]
682,19069,2009,Neurogen Corp,[12275015]
683,24191,2009,Medarex Inc,[10965599 11274879 12163116]
684,28145,2009,Wind River Systems Inc,[10896179 12838829]
685,28758,2009,SPSS Inc,[11717578 11789708]
686,28942,2009,Corrpro Cos Inc,[10898657]
687,30697,2009,Affiliated Computer Services Inc,
688,61253,2009,AXS-One Inc,
689,62712,2009,i2 Technologies Inc,[12288989 12434146]
690,63898,2009,Midway Games Inc,[12415668 12575083 12588505]
691,63996,2009,CV Therapeutics Inc,[11529937]
692,64397,2009,Avocent Corp,[12771756 12801380 12848473]
693,65072,2009,AMICAS Inc,[13100186]
694,65550,2009,Logility Inc,
695,66698,2009,CuraGen Corp,[12441256]
696,113361,2009,Catapult Communications Corp,
697,118003,2009,Perot Systems Corp,[12411175]
698,118445,2009,Vignette Corp,[12787793]
699,119216,2009,Varian Inc,[12293461]
700,120822,2009,Goldleaf Financial Solutions Inc,
701,124678,2009,Interwoven Inc,[12605212 12775299]
702,145809,2009,LogicVision Inc,[11912469]
703,148870,2009,Advanced Medical Optics Inc,[11439121 12568306]
704,158746,2009,Metabasis Therapeutics Inc,[11863597]
705,159125,2009,etrials Worldwide Inc,
706,162356,2009,Emageon Inc,
707,174871,2009,Omniture Inc,
708,176663,2009,Cougar Biotechnology Inc,
709,177286,2009,Starent Networks Corp,[13080440]
710,177740,2009,Data Domain Inc,
711,178547,2009,Targanta Therapeutics Corp,
712,178645,2009,Metavante Technologies Inc,
713,179459,2009,iBasis Inc,
714,3971,2010,Dionex Corp,[12101081]
715,6314,2010,K-Tron International Inc,[10171102 10375808]
716,6370,2010,Keithley Instruments Inc,[11016727]
717,9340,2010,Valeant Pharmaceuticals International Inc,[12843902]
718,12233,2010,Genzyme Corp,"[11200676 11278544 11341072 11733134 11765105 11800458 11927690 11927822
 12277095 12377411 12442591 21986051]"
719,15106,2010,Beckman Coulter Inc,[10127622 12284990]
720,21066,2010,Medical Nutrition USA Inc,
721,27997,2010,Applied Signal Technology Inc,
722,29709,2010,Sonic Solutions,[11736571]
723,29939,2010,Biosphere Medical Inc,[12435028]
724,61523,2010,ADAM Inc,
725,64451,2010,Global Med Technologies Inc,
726,65527,2010,Hypercom Corp,[11796909]
727,66198,2010,BMP Sunstone Corp,
728,112033,2010,King Pharmaceuticals Inc,[10038507 11170877 11911313 11968721 12655581]
729,113270,2010,Eclipsys Corp,[12929604]
730,121656,2010,CyberSource Corp,[11964620]
731,126601,2010,Symyx Technologies Inc,[12406658]
732,130040,2010,Chordiant Software Inc,
733,132502,2010,Palm Inc,[12366240]
734,137130,2010,Occam Networks Inc,[12723186]
735,145228,2010,ZymoGenetics Inc,[10869328]
736,145512,2010,Abraxis BioScience Inc,
737,146071,2010,Henry Bros Electronics Inc,
738,160498,2010,Cogent Inc,[10712104 10907174 12577706]
739,161965,2010,Argon ST Inc,[12998235]
740,161994,2010,COMSYS IT Partners Inc,
741,162355,2010,Unica Corp,
742,163102,2010,Micrus Endovascular Corp,[13237990]
743,174471,2010,DivX Inc,
744,174663,2010,Stanley Inc,
745,175084,2010,SenoRx Inc,[12789071]
746,175153,2010,Trubion Pharmaceuticals Inc,[13218751]
747,176279,2010,Isilon Systems Inc,[13246524]
748,176658,2010,Salary.com Inc,[12835571]
749,178548,2010,Compellent Technologies Inc,
750,178805,2010,ICx Technologies Inc,
751,178866,2010,3PAR Inc,
752,179378,2010,ArcSight Inc,
753,264506,2010,Phase Forward Inc,[12920235]
754,2251,2011,Microfluidics International Corp,[12259442]
755,5229,2011,Goodrich Corp,"[10068189 10068611 10102362 10339262 10471978 10660523 10670354 10825041
 11125682 11395072 11529490 11585790 12302981 12843511]"
756,7106,2011,Valpey-Fisher Corp,
757,13013,2011,Synovis Life Technologies Inc,[12855794]
758,14186,2011,Gen-Probe Inc,[11352723]
759,21186,2011,Medicis Pharmaceutical Corp,[11748389]
760,22059,2011,Integral Systems Inc,
761,23945,2011,Cephalon Inc,[11319574 11391887 11733228]
762,25268,2011,Ophthalmic Imaging Systems Inc,[11320360]
763,25384,2011,Equitrac Corp,[11887149]
764,61689,2011,AML Communications Inc,
765,62388,2011,Vertro Inc,
766,62826,2011,Onyx Pharmaceuticals Inc,[11697719]
767,121053,2011,S1 Corp,[13188243]
768,125358,2011,NaviSite Inc,
769,127455,2011,Caliper Life Sciences Inc,[12714452 12859191]
770,130305,2011,SAVVIS Inc,[12878502]
771,140736,2011,Endwave Corp,[12294981]
772,143668,2011,Magma Design Automation Inc,[12653338]
773,266316,2011,Icagen Inc,[12274908]
774,6110,2012,IRIS International Inc,
775,10540,2012,Thomas & Betts Corp,[10393890 11073260 11473673 11964942 12232256 12275480 12479189]
776,12091,2012,MEDTOX Scientific Inc,[12476251]
777,12884,2012,Comverse Technology Inc,[11129199 11768855]
778,24843,2012,Amylin Pharmaceuticals Inc,[11627771]
779,29312,2012,Human Genome Sciences Inc,[11750295]
780,31381,2012,EasyLink Services International Corp,
781,61398,2012,LeCroy Corp,[11938754 12811151]
782,64132,2012,World Heart Corp,[12446071]
783,65676,2012,Intermec Inc,[11586063 11881708 12015865 12605982]
784,121153,2012,Ditech Networks Inc,
785,122921,2012,Quest Software Inc,[12934290]
786,133328,2012,Ardea Biosciences Inc,[12094306]
787,133424,2012,Allos Therapeutics Inc,[11625630]
788,138402,2012,OPNET Technologies Inc,[12378963]
789,145935,2012,Callisto Pharmaceuticals Inc,[13141786]
790,163771,2012,Kenexa Corp,
791,165244,2012,Taleo Corp,
792,165742,2012,Somaxon Pharmaceuticals Inc,
793,166569,2012,BioMimetic Therapeutics Inc,
794,176066,2012,NextWave Wireless Inc,
795,184219,2012,Convio Inc,
796,186473,2012,KAYAK Software Corp,
797,264270,2012,Inhibitex Inc,[12792739]
798,9715,2013,Symmetricom Inc,[10912781 11851777 12233800]
799,24304,2013,Rochester Medical Corp,[11476085]
800,25623,2013,Hi-Tech Pharmacal Co Inc,
801,118577,2013,Life Technologies Corp,"[10439853 10850227 11038823 11059686 11113420 11122964 11226085 11396559
 12710544 12738722 12918420]"
802,121080,2013,Online Resources Corp,
803,157954,2013,Santarus Inc,
804,166200,2013,Molecular Insight Pharmaceuticals Inc,
805,175111,2013,Acme Packet Inc,[13102973]
806,175913,2013,Solta Medical Inc,[12341753]
807,176275,2013,Obagi Medical Products Inc,
808,176556,2013,Sourcefire Inc,
809,176594,2013,Optimer Pharmaceuticals Inc,
810,178531,2013,MAP Pharmaceuticals Inc,
811,179380,2013,MAKO Surgical Corp,
812,180030,2013,Epocrates Inc,
813,184114,2013,Trius Therapeutics Inc,
814,186451,2013,Responsys Inc,
815,196855,2013,ExactTarget Inc,
